{
  "botMetaCard": {
    "x": 0,
    "y": 0,
    "w": 390,
    "h": 844
  },
  "quickChips": [
    {
      "text": "극값 어떻게 찾아요?",
      "x": 29,
      "y": 769,
      "w": 105.234375,
      "h": 24.5
    },
    {
      "text": "4월 학평 대비 뭐 해야 해요?",
      "x": 29,
      "y": 799.5,
      "w": 138.1875,
      "h": 24.5
    },
    {
      "text": "저 잘하고 있는 거예요?",
      "x": 173.1875,
      "y": 799.5,
      "w": 117.046875,
      "h": 24.5
    }
  ],
  "viewport": {
    "w": 390,
    "h": 844
  }
}